czb_id,sample_name,sample_type,nucleotide_type,collection_date,host_genus_species,sampleID,site,recap,previous_ID,sex,class,yoy,mom_baby_pair,mass_g,forearm_mm,CoV
RR034B_001_fecRa,RR034B_001_fecRa_S16,feces,RNA,4/18/18,Asio madagascariensis,AMAK001,"Ambakoana, Madagascar",,,f,,,,685,145,N
RR034B_002_fecRa,RR034B_002_fecRa_S18,feces,RNA,2/23/18,Pteropus rufus,AMB122,"Ambakoana, Madagascar",N,,m,A,N,N,680,164,N
RR034B_003_fecRa,RR034B_003_fecRa_S20,feces,RNA,2/23/18,Pteropus rufus,AMB123,"Ambakoana, Madagascar",N,,m,A,N,N,750,174,N
RR034B_004_fecRa,RR034B_004_fecRa_S22,feces,RNA,2/23/18,Pteropus rufus,AMB124,"Ambakoana, Madagascar",N,,f,NL,Y,N,470,156,Y
RR034B_006_fecRa,RR034B_006_fecRa_S24,feces,RNA,2/24/18,Pteropus rufus,AMB126,"Ambakoana, Madagascar",N,,m,A,N,N,790,178,N
RR034B_007_fecRa,RR034B_007_fecRa_S28,feces,RNA,2/24/18,Pteropus rufus,AMB127,"Ambakoana, Madagascar",N,,f,NL,Y,N,550,159,N
RR034B_008_fecRa,RR034B_008_fecRa_S26,feces,RNA,2/25/18,Pteropus rufus,AMB128,"Ambakoana, Madagascar",N,,f, NL,Y,N,390,144,N
RR034B_008_fecRb,RR034B_008_fecRb_S44,feces,RNA,2/25/18,Pteropus rufus,AMB128,"Ambakoana, Madagascar",N,,f, NL,Y,N,390,144,N
RR034B_009_fecRa,RR034B_009_fecRa_S46,feces,RNA,2/25/18,Pteropus rufus,AMB129,"Ambakoana, Madagascar",N,,m,A,maybe,N,580,167,N
RR034B_010_fecRa,RR034B_010_fecRa_S48,feces,RNA,2/26/18,Pteropus rufus,AMB130,"Ambakoana, Madagascar",N,,f,NL,N,N,565,168,Y
RR034B_011_fecRa,RR034B_011_fecRa_S50,feces,RNA,2/27/18,Pteropus rufus,AMB131,"Ambakoana, Madagascar",N,,f,NL,maybe,N,580,167,N
RR034B_012_fecRa,RR034B_012_fecRa_S52,feces,RNA,2/28/18,Pteropus rufus,AMB132,"Ambakoana, Madagascar",N,,m,A,N,N,685,168,N
RR034B_013_fecRa,RR034B_013_fecRa_S54,feces,RNA,2/28/18,Pteropus rufus,AMB133,"Ambakoana, Madagascar",N,,m,J,Y,N,370,155,N
RR034B_014_fecRa,RR034B_014_fecRa_S56,feces,RNA,3/1/18,Pteropus rufus,AMB134,"Ambakoana, Madagascar",N,,m,A,N,N,730,168,N
RR034B_015_fecRa,RR034B_015_fecRa_S72,feces,RNA,3/1/18,Pteropus rufus,AMB135,"Ambakoana, Madagascar",N,,m,A,N,N,770,178,N
RR034B_016_fecRa,RR034B_016_fecRa_S74,feces,RNA,3/1/18,Pteropus rufus,AMB137,"Ambakoana, Madagascar",N,,f,J,Y,N,350,140.3,Y
RR034B_017_fecRa,RR034B_017_fecRa_S76,feces,RNA,3/2/18,Pteropus rufus,AMB138,"Ambakoana, Madagascar",N,,m,A,N,N,785,169,N
RR034B_018_fecRa,RR034B_018_fecRa_S78,feces,RNA,3/2/18,Pteropus rufus,AMB139,"Ambakoana, Madagascar",N,,m,A,N,N,670,164,N
RR034B_019_fecRa,RR034B_019_fecRa_S80,feces,RNA,4/16/18,Pteropus rufus,AMB140,"Ambakoana, Madagascar",N,,f,J,Y,N,315,138,N
RR034B_020_fecRa,RR034B_020_fecRa_S82,feces,RNA,4/16/18,Pteropus rufus,AMB141,"Ambakoana, Madagascar",N,,m,A,N,N,710,174,N
RR034B_021_fecRa,RR034B_021_fecRa_S84,feces,RNA,4/17/18,Pteropus rufus,AMB142,"Ambakoana, Madagascar",N,,m, J,Y,N,310,141,Y
RR034B_022_fecRa,RR034B_022_fecRa_S100,feces,RNA,4/17/18,Pteropus rufus,AMB143,"Ambakoana, Madagascar",N,,m,A,N,N,880,170,N
RR034B_023_fecRa,RR034B_023_fecRa_S102,feces,RNA,4/17/18,Pteropus rufus,AMB144,"Ambakoana, Madagascar",N,,m, J,Y,N,460,151,N
RR034B_024_fecRa,RR034B_024_fecRa_S104,feces,RNA,4/18/18,Pteropus rufus,AMB145,"Ambakoana, Madagascar",N,,m,A,N,N,630,167,N
RR034B_025_fecRa,RR034B_025_fecRa_S106,feces,RNA,4/19/18,Pteropus rufus,AMB146,"Ambakoana, Madagascar",N,,m, J,Y,N,400,145,N
RR034B_026_fecRa,RR034B_026_fecRa_S108,feces,RNA,4/21/18,Pteropus rufus,AMB147,"Ambakoana, Madagascar",N,,m,A,N,N,620,167,N
RR034B_028_fecRa,RR034B_028_fecRa_S112,feces,RNA,8/5/18,Pteropus rufus,AMB149,"Ambakoana, Madagascar",N,,f,NL,N,N,480,145.5,N
RR034B_029_fecRa,RR034B_029_fecRa_S130,feces,RNA,8/6/18,Pteropus rufus,AMB150,"Ambakoana, Madagascar",N,,m,A,N,N,415,146.9,N
RR034B_030_fecRa,RR034B_030_fecRa_S132,feces,RNA,8/7/18,Pteropus rufus,AMB151,"Ambakoana, Madagascar",N,,m,A,N,N,550,168,N
RR034B_031_fecRa,RR034B_031_fecRa_S134,feces,RNA,8/7/18,Pteropus rufus,AMB152,"Ambakoana, Madagascar",N,,m,A,N,N,660,170,N
RR034B_032_fecRa,RR034B_032_fecRa_S136,feces,RNA,8/7/18,Pteropus rufus,AMB153,"Ambakoana, Madagascar",N,,m,J,Y,N,490,147.8,N
RR034B_033_fecRa,RR034B_033_fecRa_S138,feces,RNA,8/7/18,Pteropus rufus,AMB154,"Ambakoana, Madagascar",N,,f,J,Y,N,445,147.6,N
RR034B_034_fecRa,RR034B_034_fecRa_S140,feces,RNA,8/8/18,Pteropus rufus,AMB155,"Ambakoana, Madagascar",N,,f,NL,N,N,495,160,N
RR034B_035_fecRa,RR034B_035_fecRa_S156,feces,RNA,12/21/18,Pteropus rufus,AMB156,"Ambakoana, Madagascar",N,,f,L,N,N,590,158,N
RR034B_036_fecRa,RR034B_036_fecRa_S158,feces,RNA,12/24/18,Pteropus rufus,AMB157,"Ambakoana, Madagascar",N,,m,A,N,N,780,170,N
RR034B_037_fecRa,RR034B_037_fecRa_S162,feces,RNA,1/6/19,Pteropus rufus,AMB158,"Ambakoana, Madagascar",N,,m,A,N,N,790,172,N
RR034B_038_fecRa,RR034B_038_fecRa_S164,feces,RNA,1/6/19,Pteropus rufus,AMB159,"Ambakoana, Madagascar",N,,f,A,N,N,560,164,N
RR034B_039_fecRa,RR034B_039_fecRa_S166,feces,RNA,1/7/19,Pteropus rufus,AMB160,"Ambakoana, Madagascar",N,,f,A,N,N,535,162,N
RR034B_040_fecRa,RR034B_040_fecRa_S168,feces,RNA,2/14/18,Eidolon dupreanum,ANGB125,"AngavoBe, Madagascar",N,,m,A,N,N,385,137.6,N
RR034B_042_fecRa,RR034B_042_fecRa_S186,feces,RNA,2/14/18,Eidolon dupreanum,ANGB127,"AngavoBe, Madagascar",N,,m,A,N,N,295,130.5,Y
RR034B_043_fecRa,RR034B_043_fecRa_S188,feces,RNA,2/14/18,Eidolon dupreanum,ANGB128,"AngavoBe, Madagascar",N,,m,A,N,N,325,134.1,N
RR034B_044_fecRa,RR034B_044_fecRa_S190,feces,RNA,2/14/18,Eidolon dupreanum,ANGB129,"AngavoBe, Madagascar",N,,f,NL,N,N,--,128.5,N
RR034B_045_fecRa,RR034B_045_fecRa_S192,feces,RNA,2/14/18,Eidolon dupreanum,ANGB130,"AngavoBe, Madagascar",N,,f,NL,N,N,330,129.2,N
RR034B_046_fecRa,RR034B_046_fecRa_S194,feces,RNA,2/14/18,Eidolon dupreanum,ANGB131,"AngavoBe, Madagascar",N,,f,NL,N,N,310,138.2,N
RR034B_047_fecRa,RR034B_047_fecRa_S196,feces,RNA,2/14/18,Eidolon dupreanum,ANGB132,"AngavoBe, Madagascar",N,,m,A,N,N,350,130.6,N
RR034B_048_fecRa,RR034B_048_fecRa_S12,feces,RNA,2/14/18,Eidolon dupreanum,ANGB133,"AngavoBe, Madagascar",N,,f,NL,N,N,285,132.2,N
RR034B_049_fecRa,RR034B_049_fecRa_S14,feces,RNA,4/9/18,Eidolon dupreanum,ANGB134,"AngavoBe, Madagascar",N,,f,NL,N,N,290,127.7,N
RR034B_050_fecRa,RR034B_050_fecRa_S16,feces,RNA,4/9/18,Eidolon dupreanum,ANGB135,"AngavoBe, Madagascar",N,,f,NL,N,N,320,133.9,N
RR034B_051_fecRa,RR034B_051_fecRa_S18,feces,RNA,4/9/18,Eidolon dupreanum,ANGB136,"AngavoBe, Madagascar",N,,f,NL,N,N,290,127.7,N
RR034B_052_fecRa,RR034B_052_fecRa_S20,feces,RNA,4/9/18,Eidolon dupreanum,ANGB137,"AngavoBe, Madagascar",N,,f,NL,N,N,290,135.8,N
RR034B_053_fecRa,RR034B_053_fecRa_S22,feces,RNA,4/9/18,Eidolon dupreanum,ANGB138,"AngavoBe, Madagascar",N,,f,NL,N,N,295,126.8,N
RR034B_054_fecRa,RR034B_054_fecRa_S24,feces,RNA,4/9/18,Eidolon dupreanum,ANGB139,"AngavoBe, Madagascar",N,,f,NL,N,N,320,133.8,N
RR034B_055_fecRa,RR034B_055_fecRa_S40,feces,RNA,4/9/18,Eidolon dupreanum,ANGB140,"AngavoBe, Madagascar",N,,f,NL,N,N,310,126.6,Y
RR034B_056_fecRa,RR034B_056_fecRa_S44,feces,RNA,4/9/18,Eidolon dupreanum,ANGB141,"AngavoBe, Madagascar",N,,f,NL,N,N,300,128.9,N
RR034B_057_fecRa,RR034B_057_fecRa_S46,feces,RNA,4/9/18,Eidolon dupreanum,ANGB142,"AngavoBe, Madagascar",N,,m,A,N,N,370,131.6,Y
RR034B_058_fecRa,RR034B_058_fecRa_S48,feces,RNA,7/27/18,Eidolon dupreanum,ANGB143,"AngavoBe, Madagascar",N,,f,NL,N,N,300,132.7,Y
RR034B_059_fecRa,RR034B_059_fecRa_S50,feces,RNA,7/27/18,Eidolon dupreanum,ANGB144,"AngavoBe, Madagascar",N,,f,NL,N,N,281,124.2,N
RR034B_060_fecRa,RR034B_060_fecRa_S52,feces,RNA,7/27/18,Eidolon dupreanum,ANGB145,"AngavoBe, Madagascar",N,,f,NL,N,N,320,129.9,Y
RR034B_061_fecRa,RR034B_061_fecRa_S68,feces,RNA,7/27/18,Eidolon dupreanum,ANGB146,"AngavoBe, Madagascar",N,,m,J,Y,N,250,122.3,Y
RR034B_062_fecRa,RR034B_062_fecRa_S70,feces,RNA,7/27/18,Eidolon dupreanum,ANGB147,"AngavoBe, Madagascar",N,,f,NL,N,N,320,125.2,Y
RR034B_063_fecRa,RR034B_063_fecRa_S72,feces,RNA,7/27/18,Eidolon dupreanum,ANGB148,"AngavoBe, Madagascar",N,,f,NL,N,N,300,129.3,N
RR034B_064_fecRa,RR034B_064_fecRa_S74,feces,RNA,7/27/18,Eidolon dupreanum,ANGB149,"AngavoBe, Madagascar",N,,f,NL,N,N,280,125.5,Y
RR034B_065_fecRa,RR034B_065_fecRa_S76,feces,RNA,7/27/18,Eidolon dupreanum,ANGB150,"AngavoBe, Madagascar",N,,f,NL,N,N,330,129.5,N
RR034B_066_fecRa,RR034B_066_fecRa_S78,feces,RNA,7/27/18,Eidolon dupreanum,ANGB151,"AngavoBe, Madagascar",N,,f,NL,N,N,340,128.2,Y
RR034B_067_fecRa,RR034B_067_fecRa_S80,feces,RNA,7/27/18,Eidolon dupreanum,ANGB152,"AngavoBe, Madagascar",N,,f,NL,N,N,320,132.6,N
RR034B_068_fecRa,RR034B_068_fecRa_S96,feces,RNA,7/27/18,Eidolon dupreanum,ANGB153,"AngavoBe, Madagascar",N,,f,NL,N,N,310,134.4,N
RR034B_069_fecRa,RR034B_069_fecRa_S98,feces,RNA,7/27/18,Eidolon dupreanum,ANGB154,"AngavoBe, Madagascar",N,,f,NL,N,N,340,125.1,N
RR034B_070_fecRa,RR034B_070_fecRa_S100,feces,RNA,7/27/18,Eidolon dupreanum,ANGB155,"AngavoBe, Madagascar",N,,f,NL,N,N,320,131.1,Y
RR034B_071_fecRa,RR034B_071_fecRa_S102,feces,RNA,9/9/18,Eidolon dupreanum,ANGB156,"AngavoBe, Madagascar",Y,,m,A,N,N,340,125.3,N
RR034B_072_fecRa,RR034B_072_fecRa_S104,feces,RNA,9/9/18,Eidolon dupreanum,ANGB157,"AngavoBe, Madagascar",N,,m,A,N,N,365,129.9,N
RR034B_073_fecRa,RR034B_073_fecRa_S106,feces,RNA,9/9/18,Eidolon dupreanum,ANGB158,"AngavoBe, Madagascar",N,,f,P,N,N,385,134.5,N
RR034B_074_fecRa,RR034B_074_fecRa_S108,feces,RNA,9/9/18,Eidolon dupreanum,ANGB159,"AngavoBe, Madagascar",N,,f,P,N,N,340,134.3,Y
RR034B_075_fecRa,RR034B_075_fecRa_S2,feces,RNA,9/9/18,Eidolon dupreanum,ANGB160,"AngavoBe, Madagascar",N,,m,A,N,N,360,126.2,N
RR034B_076_fecRa,RR034B_076_fecRa_S4,feces,RNA,9/9/18,Eidolon dupreanum,ANGB161,"AngavoBe, Madagascar",N,,m,A,N,N,320,128.9,N
RR034B_078_fecRa,RR034B_078_fecRa_S10,feces,RNA,9/9/18,Eidolon dupreanum,ANGB163,"AngavoBe, Madagascar",N,,m,A,N,N,345,131.7,N
RR034B_079_fecRa,RR034B_079_fecRa_S12,feces,RNA,2/15/18,Eidolon dupreanum,KEL148,"AngavoKely, Madagascar",N,,m,A,N,N,350,127,N
RR034B_080_fecRa,RR034B_080_fecRa_S14,feces,RNA,2/15/18,Eidolon dupreanum,KEL150,"AngavoKely, Madagascar",N,,f,NL,N,N,335,130.9,N
RR034B_081_fecRa,RR034B_081_fecRa_S30,feces,RNA,2/15/18,Eidolon dupreanum,KEL151,"AngavoKely, Madagascar",N,,f,NL,N,N,330,124.3,N
RR034B_082_fecRa,RR034B_082_fecRa_S32,feces,RNA,2/15/18,Eidolon dupreanum,KEL152,"AngavoKely, Madagascar",N,,f,NL,N,N,350,128.8,N
RR034B_083_fecRa,RR034B_083_fecRa_S34,feces,RNA,2/15/18,Eidolon dupreanum,KEL153,"AngavoKely, Madagascar",N,,f,NL,N,N,360,123,N
RR034B_084_fecRa,RR034B_084_fecRa_S36,feces,RNA,2/15/18,Eidolon dupreanum,KEL154,"AngavoKely, Madagascar",N,,f,NL,N,N,340,130,N
RR034B_085_fecRa,RR034B_085_fecRa_S38,feces,RNA,2/15/18,Eidolon dupreanum,KEL155,"AngavoKely, Madagascar",N,,f,NL,N,N,340,122.8,N
RR034B_086_fecRa,RR034B_086_fecRa_S40,feces,RNA,2/15/18,Eidolon dupreanum,KEL156,"AngavoKely, Madagascar",N,,m,A,N,N,320,111.6,N
RR034B_087_fecRa,RR034B_087_fecRa_S42,feces,RNA,2/15/18,Eidolon dupreanum,KEL157,"AngavoKely, Madagascar",N,,f,NL,N,N,380,131.4,N
RR034B_088_fecRa,RR034B_088_fecRa_S58,feces,RNA,2/15/18,Eidolon dupreanum,KEL158,"AngavoKely, Madagascar",N,,f,J,Y,N,295,130.1,N
RR034B_089_fecRa,RR034B_089_fecRa_S60,feces,RNA,2/15/18,Eidolon dupreanum,KEL159,"AngavoKely, Madagascar",N,,m,J,Y,N,275,122.3,Y
RR034B_090_fecRa,RR034B_090_fecRa_S62,feces,RNA,2/15/18,Eidolon dupreanum,KEL160,"AngavoKely, Madagascar",N,,f,NL,N,N,325,120.9,N
RR034B_091_fecRa,RR034B_091_fecRa_S64,feces,RNA,2/15/18,Eidolon dupreanum,KEL161,"AngavoKely, Madagascar",N,,m,A,N,N,360,131.08,N
RR034B_092_fecRa,RR034B_092_fecRa_S66,feces,RNA,2/15/18,Eidolon dupreanum,KEL162,"AngavoKely, Madagascar",N,,f,NL,N,N,400,128.8,N
RR034B_093_fecRa,RR034B_093_fecRa_S68,feces,RNA,2/15/18,Eidolon dupreanum,KEL163,"AngavoKely, Madagascar",N,,f,NL,N,N,360,127,N
RR034B_094_fecRa,RR034B_094_fecRa_S70,feces,RNA,2/15/18,Eidolon dupreanum,KEL164,"AngavoKely, Madagascar",N,,f,J,Y,N,230,112.9,Y
RR034B_095_fecRa,RR034B_095_fecRa_S86,feces,RNA,2/15/18,Eidolon dupreanum,KEL165,"AngavoKely, Madagascar",N,,f,NL,N,N,355,124.6,N
RR034B_096_fecRa,RR034B_096_fecRa_S88,feces,RNA,2/15/18,Eidolon dupreanum,KEL166,"AngavoKely, Madagascar",N,,f,J,Y,N,220,109.3,Y
RR034B_097_fecRa,RR034B_097_fecRa_S90,feces,RNA,2/15/18,Eidolon dupreanum,KEL167,"AngavoKely, Madagascar",N,,f,NL,N,N,300,126,N
RR034B_098_fecRa,RR034B_098_fecRa_S92,feces,RNA,2/15/18,Eidolon dupreanum,KEL168,"AngavoKely, Madagascar",N,,f,NL,N,N,330,129.6,N
RR034B_099_fecRa,RR034B_099_fecRa_S96,feces,RNA,2/15/18,Eidolon dupreanum,KEL169,"AngavoKely, Madagascar",N,,m,J,Y,N,205,107.7,Y
RR034B_100_fecRa,RR034B_100_fecRa_S98,feces,RNA,2/15/18,Eidolon dupreanum,KEL170,"AngavoKely, Madagascar",N,,f,NL,N,N,355,124.3,N
RR034B_101_fecRa,RR034B_101_fecRa_S114,feces,RNA,2/15/18,Eidolon dupreanum,KEL171,"AngavoKely, Madagascar",N,,m,J,Y,N,200,106.8,Y
RR034B_102_fecRa,RR034B_102_fecRa_S118,feces,RNA,2/15/18,Eidolon dupreanum,KEL172,"AngavoKely, Madagascar",N,,f,NL,N,N,360,134.3,N
RR034B_103_fecRa,RR034B_103_fecRa_S120,feces,RNA,2/15/18,Eidolon dupreanum,KEL173,"AngavoKely, Madagascar",N,,f,NL,N,N,315,129.9,N
RR034B_104_fecRa,RR034B_104_fecRa_S122,feces,RNA,2/16/18,Eidolon dupreanum,KEL174,"AngavoKely, Madagascar",N,,f,NL,N,N,300,122.8,N
RR034B_105_fecRa,RR034B_105_fecRa_S124,feces,RNA,2/16/18,Eidolon dupreanum,KEL175,"AngavoKely, Madagascar",N,,f,NL,N,N,330,133.9,N
RR034B_106_fecRa,RR034B_106_fecRa_S126,feces,RNA,2/16/18,Eidolon dupreanum,KEL176,"AngavoKely, Madagascar",N,,f,NL,N,N,355,132.3,N
RR034B_108_fecRa,RR034B_108_fecRa_S144,feces,RNA,2/16/18,Eidolon dupreanum,KEL178,"AngavoKely, Madagascar",N,,f,NL,N,N,360,126,N
RR034B_109_fecRa,RR034B_109_fecRa_S146,feces,RNA,2/16/18,Eidolon dupreanum,KEL179,"AngavoKely, Madagascar",Y,,m,A,N,N,310,130.5,N
RR034B_110_fecRa,RR034B_110_fecRa_S148,feces,RNA,4/9/18,Eidolon dupreanum,KEL180,"AngavoKely, Madagascar",N,,f,NL,N,N,270,128.3,Y
RR034B_111_fecRa,RR034B_111_fecRa_S150,feces,RNA,4/9/18,Eidolon dupreanum,KEL181,"AngavoKely, Madagascar",N,,m,A,N,N,350,132.4,Y
RR034B_112_fecRa,RR034B_112_fecRa_S152,feces,RNA,4/9/18,Eidolon dupreanum,KEL182,"AngavoKely, Madagascar",N,,f,NL,N,N,310,124.9,Y
RR034B_113_fecRa,RR034B_113_fecRa_S154,feces,RNA,4/9/18,Eidolon dupreanum,KEL183,"AngavoKely, Madagascar",N,,f,NL,N,N,245,132.2,Y
RR034B_114_fecRa,RR034B_114_fecRa_S170,feces,RNA,4/9/18,Eidolon dupreanum,KEL184,"AngavoKely, Madagascar",N,,f,NL,N,N,295,129.25,N
RR034B_115_fecRa,RR034B_115_fecRa_S172,feces,RNA,4/10/18,Eidolon dupreanum,KEL185,"AngavoKely, Madagascar",N,,f,NL,N,N,345,130.4,N
RR034B_116_fecRa,RR034B_116_fecRa_S174,feces,RNA,4/10/18,Eidolon dupreanum,KEL186,"AngavoKely, Madagascar",N,,f,NL,N,N,265,131.1,N
RR034B_118_fecRa,RR034B_118_fecRa_S178,feces,RNA,4/10/18,Eidolon dupreanum,KEL188,"AngavoKely, Madagascar",N,,f,NL,N,N,330,128.1,N
RR034B_119_fecRa,RR034B_119_fecRa_S180,feces,RNA,4/10/18,Eidolon dupreanum,KEL189,"AngavoKely, Madagascar",Y,,f,NL,N,N,320,128.9,N
RR034B_120_fecRa,RR034B_120_fecRa_S182,feces,RNA,4/10/18,Eidolon dupreanum,KEL190,"AngavoKely, Madagascar",N,,f,NL,N,N,310,129.6,N
RR034B_121_fecRa,RR034B_121_fecRa_S198,feces,RNA,4/10/18,Eidolon dupreanum,KEL191,"AngavoKely, Madagascar",N,,f,NL,N,N,325,134,Y
RR034B_122_fecRa,RR034B_122_fecRa_S2,feces,RNA,4/10/18,Eidolon dupreanum,KEL192,"AngavoKely, Madagascar",N,,f,NL,N,N,315,130.3,Y
RR034B_123_fecRa,RR034B_123_fecRa_S4,feces,RNA,4/10/18,Eidolon dupreanum,KEL193,"AngavoKely, Madagascar",N,,f,J,Y,N,300,127.2,Y
RR034B_124_fecRa,RR034B_124_fecRa_S6,feces,RNA,4/10/18,Eidolon dupreanum,KEL194,"AngavoKely, Madagascar",N,,f,NL,N,N,345,129,N
RR034B_125_fecRa,RR034B_125_fecRa_S8,feces,RNA,4/10/18,Eidolon dupreanum,KEL195,"AngavoKely, Madagascar",Y,,m,A,N,N,350,30.7,Y
RR034B_126_fecRa,RR034B_126_fecRa_S10,feces,RNA,4/10/18,Eidolon dupreanum,KEL196,"AngavoKely, Madagascar",N,,f,NL,N,N,300,128.6,Y
RR034B_127_fecRa,RR034B_127_fecRa_S26,feces,RNA,4/10/18,Eidolon dupreanum,KEL197,"AngavoKely, Madagascar",N,,f,NL,N,N,310,134.5,N
RR034B_128_fecRa,RR034B_128_fecRa_S28,feces,RNA,4/10/18,Eidolon dupreanum,KEL198,"AngavoKely, Madagascar",N,,m,A,N,N,320,130.4,N
RR034B_129_fecRa,RR034B_129_fecRa_S30,feces,RNA,4/10/18,Eidolon dupreanum,KEL199,"AngavoKely, Madagascar",N,,f,NL,N,N,270,127,Y
RR034B_130_fecRa,RR034B_130_fecRa_S32,feces,RNA,4/10/18,Eidolon dupreanum,KEL200,"AngavoKely, Madagascar",N,,f,NL,N,N,340,136.1,Y
RR034B_131_fecRa,RR034B_131_fecRa_S34,feces,RNA,4/10/18,Eidolon dupreanum,KEL201,"AngavoKely, Madagascar",N,,f,NL,N,N,340,128,N
RR034B_132_fecRa,RR034B_132_fecRa_S36,feces,RNA,4/10/18,Eidolon dupreanum,KEL202,"AngavoKely, Madagascar",N,,f,NL,N,N,340,132.6,N
RR034B_133_fecRa,RR034B_133_fecRa_S38,feces,RNA,4/10/18,Eidolon dupreanum,KEL203,"AngavoKely, Madagascar",N,,f,NL,N,N,320,130.5,N
RR034B_134_fecRa,RR034B_134_fecRa_S54,feces,RNA,4/10/18,Eidolon dupreanum,KEL204,"AngavoKely, Madagascar",N,,f,NL,N,N,310,126.7,N
RR034B_135_fecRa,RR034B_135_fecRa_S56,feces,RNA,4/10/18,Eidolon dupreanum,KEL205,"AngavoKely, Madagascar",N,,f,NL,N,N,320,134,N
RR034B_136_fecRa,RR034B_136_fecRa_S58,feces,RNA,4/10/18,Eidolon dupreanum,KEL206,"AngavoKely, Madagascar",N,,f,J,Y,N,300,130.1,N
RR034B_137_fecRa,RR034B_137_fecRa_S60,feces,RNA,4/10/18,Eidolon dupreanum,KEL207,"AngavoKely, Madagascar",N,,f,NL,N,N,270,130,N
RR034B_138_fecRa,RR034B_138_fecRa_S62,feces,RNA,4/10/18,Eidolon dupreanum,KEL208,"AngavoKely, Madagascar",Y,,f,NL,N,N,310,126.2,N
RR034B_139_fecRa,RR034B_139_fecRa_S64,feces,RNA,4/10/18,Eidolon dupreanum,KEL209,"AngavoKely, Madagascar",N,,f,NL,N,N,265,131.7,N
RR034B_140_fecRa,RR034B_140_fecRa_S66,feces,RNA,4/10/18,Eidolon dupreanum,KEL210,"AngavoKely, Madagascar",N,,f,NL,N,N,280,124.1,N
RR034B_141_fecRa,RR034B_141_fecRa_S82,feces,RNA,4/10/18,Eidolon dupreanum,KEL211,"AngavoKely, Madagascar",N,,f,NL,N,N,310,131.5,N
RR034B_142_fecRa,RR034B_142_fecRa_S84,feces,RNA,4/10/18,Eidolon dupreanum,KEL212,"AngavoKely, Madagascar",N,,f,NL,N,N,300,130.2,N
RR034B_143_fecRa,RR034B_143_fecRa_S86,feces,RNA,7/27/18,Eidolon dupreanum,KEL213,"AngavoKely, Madagascar",N,,m,A,N,N,320,129.5,Y
RR034B_145_fecRa,RR034B_145_fecRa_S90,feces,RNA,7/27/18,Eidolon dupreanum,KEL215,"AngavoKely, Madagascar",N,,f,J,Y,N,200,120.2,Y
RR034B_146_fecRa,RR034B_146_fecRa_S92,feces,RNA,7/27/18,Eidolon dupreanum,KEL216,"AngavoKely, Madagascar",N,,f,NL,N,N,330,128.3,N
RR034B_147_fecRa,RR034B_147_fecRa_S94,feces,RNA,7/27/18,Eidolon dupreanum,KEL217,"AngavoKely, Madagascar",Y,,m,A,N,N,320,124.1,N
RR034B_148_fecRa,RR034B_148_fecRa_S15,feces,RNA,7/27/18,Eidolon dupreanum,KEL218,"AngavoKely, Madagascar",N,,f,NL,N,N,300,127.2,Y
RR034B_149_fecRa,RR034B_149_fecRa_S19,feces,RNA,7/27/18,Eidolon dupreanum,KEL219,"AngavoKely, Madagascar",N,,m,A,N,N,340,131.7,Y
RR034B_150_fecRa,RR034B_150_fecRa_S21,feces,RNA,7/27/18,Eidolon dupreanum,KEL220,"AngavoKely, Madagascar",N,,m,A,N,N,300,123.4,N
RR034B_151_fecRa,RR034B_151_fecRa_S23,feces,RNA,7/27/18,Eidolon dupreanum,KEL221,"AngavoKely, Madagascar",N,,m,J,Y,N,240,122.5,N
RR034B_152_fecRa,RR034B_152_fecRa_S25,feces,RNA,7/27/18,Eidolon dupreanum,KEL222,"AngavoKely, Madagascar",N,,f,NL,N,N,300,131.7,N
RR034B_153_fecRa,RR034B_153_fecRa_S27,feces,RNA,7/27/18,Eidolon dupreanum,KEL223,"AngavoKely, Madagascar",N,,m,A,N,N,350,133.9,N
RR034B_154_fecRa,RR034B_154_fecRa_S43,feces,RNA,7/27/18,Eidolon dupreanum,KEL224,"AngavoKely, Madagascar",N,,m,A,N,N,370,131.4,N
RR034B_155_fecRa,RR034B_155_fecRa_S47,feces,RNA,7/27/18,Eidolon dupreanum,KEL225,"AngavoKely, Madagascar",N,,m,A,N,N,320,124.8,Y
RR034B_156_fecRa,RR034B_156_fecRa_S49,feces,RNA,7/27/18,Eidolon dupreanum,KEL226,"AngavoKely, Madagascar",Y,,m,A,N,N,340,115.9,Y
RR034B_157_fecRa,RR034B_157_fecRa_S51,feces,RNA,7/27/18,Eidolon dupreanum,KEL227,"AngavoKely, Madagascar",N,,f,NL,N,N,330,127.6,N
RR034B_158_fecRa,RR034B_158_fecRa_S53,feces,RNA,7/27/18,Eidolon dupreanum,KEL228,"AngavoKely, Madagascar",N,,f,J,Y,N,230,118,Y
RR034B_159_fecRa,RR034B_159_fecRa_S55,feces,RNA,7/27/18,Eidolon dupreanum,KEL229,"AngavoKely, Madagascar",N,,m,A,N,N,340,131.6,N
RR034B_160_fecRa,RR034B_160_fecRa_S71,feces,RNA,7/27/18,Eidolon dupreanum,KEL230,"AngavoKely, Madagascar",N,,m,A,N,N,310,127.4,Y
RR034B_161_fecRa,RR034B_161_fecRa_S73,feces,RNA,7/27/18,Eidolon dupreanum,KEL231,"AngavoKely, Madagascar",N,,m,A,N,N,310,128.9,N
RR034B_162_fecRa,RR034B_162_fecRa_S77,feces,RNA,7/27/18,Eidolon dupreanum,KEL232,"AngavoKely, Madagascar",N,,m,A,N,N,340,126.8,Y
RR034B_163_fecRa,RR034B_163_fecRa_S79,feces,RNA,7/27/18,Eidolon dupreanum,KEL233,"AngavoKely, Madagascar",N,,m,A,N,N,300,122.8,N
RR034B_164_fecRa,RR034B_164_fecRa_S81,feces,RNA,7/27/18,Eidolon dupreanum,KEL234,"AngavoKely, Madagascar",N,,m,A,N,N,270,117,Y
RR034B_165_fecRa,RR034B_165_fecRa_S83,feces,RNA,7/27/18,Eidolon dupreanum,KEL236,"AngavoKely, Madagascar",N,,m,J,Y,N,310,116.5,Y
RR034B_166_fecRa,RR034B_166_fecRa_S99,feces,RNA,7/27/18,Eidolon dupreanum,KEL238,"AngavoKely, Madagascar",N,,f,NL,N,N,340,129.1,N
RR034B_167_fecRa,RR034B_167_fecRa_S101,feces,RNA,1/6/19,Eidolon dupreanum,KEL239,"AngavoKely, Madagascar",N,,f,A,N,N,131,133.2,Y
RR034B_168_fecRa,RR034B_168_fecRa_S103,feces,RNA,1/6/19,Eidolon dupreanum,KEL240,"AngavoKely, Madagascar",,,f,A,N,N,341,132,Y
RR034B_169_fecRa,RR034B_169_fecRa_S105,feces,RNA,1/6/19,Eidolon dupreanum,KEL241,"AngavoKely, Madagascar",Y,,f,NL,N,N,325,128.2,N
RR034B_171_fecRa,RR034B_171_fecRa_S109,feces,RNA,1/6/19,Eidolon dupreanum,KEL243,"AngavoKely, Madagascar",N,,m,A,N,N,150,131.4,N
RR034B_172_fecRa,RR034B_172_fecRa_S111,feces,RNA,1/6/19,Eidolon dupreanum,KEL244,"AngavoKely, Madagascar",N,,f,NL,N,N,168,112.6,Y
RR034B_173_fecRa,RR034B_173_fecRa_S127,feces,RNA,1/6/19,Eidolon dupreanum,KEL245,"AngavoKely, Madagascar",N,,m,A,N,N,120,123,N
RR034B_174_fecRa,RR034B_174_fecRa_S129,feces,RNA,1/6/19,Eidolon dupreanum,KEL246,"AngavoKely, Madagascar",N,,m,A,N,N,145,165.3,Y
RR034B_175_fecRa,RR034B_175_fecRa_S131,feces,RNA,1/6/19,Eidolon dupreanum,KEL247,"AngavoKely, Madagascar",N,,f,NL,N,N,175,114.2,Y
RR034B_176_fecRa,RR034B_176_fecRa_S133,feces,RNA,1/6/19,Eidolon dupreanum,KEL248,"AngavoKely, Madagascar",N,,m,A,N,N,135,131.5,Y
RR034B_177_fecRa,RR034B_177_fecRa_S135,feces,RNA,1/6/19,Eidolon dupreanum,KEL249,"AngavoKely, Madagascar",,,m,A,N,N,185,113.8,N
RR034B_178_fecRa,RR034B_178_fecRa_S137,feces,RNA,1/6/19,Eidolon dupreanum,KEL250,"AngavoKely, Madagascar",N,,m,A,N,N,184,134.5,N
RR034B_179_fecRa,RR034B_179_fecRa_S139,feces,RNA,1/6/19,Eidolon dupreanum,KEL251,"AngavoKely, Madagascar",N,,f,NL,N,N,155,108.3,Y
RR034B_180_fecRa,RR034B_180_fecRa_S155,feces,RNA,1/6/19,Eidolon dupreanum,KEL252,"AngavoKely, Madagascar",Y,,m,A,N,N,395,136,N
RR034B_181_fecRa,RR034B_181_fecRa_S157,feces,RNA,1/6/19,Eidolon dupreanum,KEL253,"AngavoKely, Madagascar",N,,m,A,N,N,207,129.4,N
RR034B_182_fecRa,RR034B_182_fecRa_S159,feces,RNA,1/6/19,Eidolon dupreanum,KEL254,"AngavoKely, Madagascar",N,,m,A,N,N,173,129.9,N
RR034B_183_fecRa,RR034B_183_fecRa_S161,feces,RNA,1/7/19,Eidolon dupreanum,KEL266,"AngavoKely, Madagascar",N,,f,NL,N,N,360,137.9,N
RR034B_184_fecRa,RR034B_184_fecRa_S163,feces,RNA,1/7/19,Eidolon dupreanum,KEL267,"AngavoKely, Madagascar",Y,,m,A,N,N,162,124.4,N
RR034B_185_fecRa,RR034B_185_fecRa_S165,feces,RNA,1/7/19,Eidolon dupreanum,KEL268,"AngavoKely, Madagascar",N,,m,A,N,N,182,128.2,N
RR034B_186_fecRa,RR034B_186_fecRa_S167,feces,RNA,1/7/19,Eidolon dupreanum,KEL269,"AngavoKely, Madagascar",Y,,m,A,N,N,245,130.8,Y
RR034B_187_fecRa,RR034B_187_fecRa_S183,feces,RNA,1/7/19,Eidolon dupreanum,KEL270,"AngavoKely, Madagascar",N,,f,NL,N,N,125,131.3,N
RR034B_188_fecRa,RR034B_188_fecRa_S185,feces,RNA,1/7/19,Eidolon dupreanum,KEL271,"AngavoKely, Madagascar",N,,f,NL,N,N,315,128.8,Y
RR034B_189_fecRa,RR034B_189_fecRa_S187,feces,RNA,1/7/19,Eidolon dupreanum,KEL272,"AngavoKely, Madagascar",N,,m,A,N,N,150,124.3,N
RR034B_190_fecRa,RR034B_190_fecRa_S189,feces,RNA,1/7/19,Eidolon dupreanum,KEL273,"AngavoKely, Madagascar",Y,,m,A,N,N,340,126.8,Y
RR034B_191_fecRa,RR034B_191_fecRa_S191,feces,RNA,1/7/19,Eidolon dupreanum,KEL274,"AngavoKely, Madagascar",N,,f,NL,N,N,165,130.2,N
RR034B_192_fecRa,RR034B_192_fecRa_S193,feces,RNA,1/7/19,Eidolon dupreanum,KEL275,"AngavoKely, Madagascar",Y,,m,A,N,N,165,128.7,N
RR034B_193_fecRa,RR034B_193_fecRa_S195,feces,RNA,2/18/18,Rousettus madagascariensis,MIZ135,"Maromizaha, Madagascar",N,,f,J,Y,Y,20,50.5,N
RR034B_194_fecRa,RR034B_194_fecRa_S11,feces,RNA,2/18/18,Rousettus madagascariensis,MIZ136,"Maromizaha, Madagascar",N,,f,L,N,Y,60,67.9,N
RR034B_195_fecRa,RR034B_195_fecRa_S13,feces,RNA,2/18/18,Rousettus madagascariensis,MIZ137,"Maromizaha, Madagascar",N,,f,J,N,N,40,58.2,N
RR034B_196_fecRa,RR034B_196_fecRa_S15,feces,RNA,2/18/18,Rousettus madagascariensis,MIZ138,"Maromizaha, Madagascar",N,,f,NL,N,N,60,73.2,N
RR034B_197_fecRa,RR034B_197_fecRa_S17,feces,RNA,2/18/18,Rousettus madagascariensis,MIZ140,"Maromizaha, Madagascar",N,,f,L,N,Y,60,64.9,N
RR034B_198_fecRa,RR034B_198_fecRa_S19,feces,RNA,2/18/18,Rousettus madagascariensis,MIZ141,"Maromizaha, Madagascar",N,,m,J,Y,Y,20,51.1,N
RR034B_199_fecRa,RR034B_199_fecRa_S21,feces,RNA,2/18/18,Rousettus madagascariensis,MIZ142,"Maromizaha, Madagascar",N,,m,A,N,N,60,71.3,N
RR034B_200_fecRa,RR034B_200_fecRa_S23,feces,RNA,2/18/18,Rousettus madagascariensis,MIZ143,"Maromizaha, Madagascar",N,,f,NL,N,N,50,63.4,N
RR034B_201_fecRa,RR034B_201_fecRa_S39,feces,RNA,2/18/18,Rousettus madagascariensis,MIZ145,"Maromizaha, Madagascar",N,,f,L,N,Y,50,69.4,N
RR034B_202_fecRa,RR034B_202_fecRa_S41,feces,RNA,2/18/18,Rousettus madagascariensis,MIZ146,"Maromizaha, Madagascar",N,,m,A,N,N,60,72.5,N
RR034B_203_fecRa,RR034B_203_fecRa_S43,feces,RNA,2/18/18,Rousettus madagascariensis,MIZ147,"Maromizaha, Madagascar",N,,f,NL,N,N,55,71.6,N
RR034B_204_fecRa,RR034B_204_fecRa_S45,feces,RNA,2/18/18,Rousettus madagascariensis,MIZ148,"Maromizaha, Madagascar",N,,m,A,N,N,55,69.7,N
RR034B_205_fecRa,RR034B_205_fecRa_S47,feces,RNA,2/18/18,Rousettus madagascariensis,MIZ149,"Maromizaha, Madagascar",N,,f,NL,N,N,60,71.4,N
RR034B_206_fecRa,RR034B_206_fecRa_S49,feces,RNA,2/18/18,Rousettus madagascariensis,MIZ150,"Maromizaha, Madagascar",N,,f,NL,N,N,50,73.4,N
RR034B_207_fecRa,RR034B_207_fecRa_S51,feces,RNA,2/18/18,Rousettus madagascariensis,MIZ151,"Maromizaha, Madagascar",N,,m,A,N,N,60,72.5,N
RR034B_208_fecRa,RR034B_208_fecRa_S67,feces,RNA,2/18/18,Rousettus madagascariensis,MIZ152,"Maromizaha, Madagascar",N,,f,NL,N,N,48,68.8,N
RR034B_209_fecRa,RR034B_209_fecRa_S69,feces,RNA,2/19/18,Rousettus madagascariensis,MIZ153,"Maromizaha, Madagascar",N,,m,J,Y,Y,30,35.8,N
RR034B_210_fecRa,RR034B_210_fecRa_S71,feces,RNA,2/19/18,Rousettus madagascariensis,MIZ154,"Maromizaha, Madagascar",N,,f,L,N,Y,50,71,N
RR034B_211_fecRa,RR034B_211_fecRa_S73,feces,RNA,2/19/18,Rousettus madagascariensis,MIZ155,"Maromizaha, Madagascar",N,,f,L,N,Y,50,71,N
RR034B_212_fecRa,RR034B_212_fecRa_S75,feces,RNA,2/19/18,Rousettus madagascariensis,MIZ156,"Maromizaha, Madagascar",N,,f,J,Y,Y,27,55,N
RR034B_213_fecRa,RR034B_213_fecRa_S79,feces,RNA,2/19/18,Rousettus madagascariensis,MIZ158,"Maromizaha, Madagascar",N,,f,J,Y,Y,25,52,N
RR034B_214_fecRa,RR034B_214_fecRa_S77,feces,RNA,2/19/18,Rousettus madagascariensis,MIZ159,"Maromizaha, Madagascar",N,,f,L,N,Y,50,71.5,N
RR034B_215_fecRa,RR034B_215_fecRa_S95,feces,RNA,2/19/18,Rousettus madagascariensis,MIZ160,"Maromizaha, Madagascar",N,,f,J,Y,Y,20,49.1,N
RR034B_216_fecRa,RR034B_216_fecRa_S97,feces,RNA,2/19/18,Rousettus madagascariensis,MIZ161,"Maromizaha, Madagascar",N,,f,NL,N,N,60,70.3,N
RR034B_217_fecRa,RR034B_217_fecRa_S99,feces,RNA,2/19/18,Rousettus madagascariensis,MIZ162,"Maromizaha, Madagascar",N,,f,NL,N,N,45,73.7,N
RR034B_218_fecRa,RR034B_218_fecRa_S101,feces,RNA,2/19/18,Rousettus madagascariensis,MIZ163,"Maromizaha, Madagascar",N,,f,NL,N,N,30,54.6,Y
RR034B_220_fecRa,RR034B_220_fecRa_S103,feces,RNA,4/13/18,Rousettus madagascariensis,MIZ165,"Maromizaha, Madagascar",NA,,f,NL,N,N,55,68.9,Y
RR034B_221_fecRa,RR034B_221_fecRa_S105,feces,RNA,4/13/18,Rousettus madagascariensis,MIZ167,"Maromizaha, Madagascar",Y,,f,NL,N,N,60,72,N
RR034B_223_fecRa,RR034B_223_fecRa_S1,feces,RNA,4/13/18,Rousettus madagascariensis,MIZ169,"Maromizaha, Madagascar",NA,,m,A,N,N,60,72.7,N
RR034B_224_fecRa,RR034B_224_fecRa_S3,feces,RNA,4/13/18,Rousettus madagascariensis,MIZ170,"Maromizaha, Madagascar",NA,,m,A,N,N,55,66.9,N
RR034B_225_fecRa,RR034B_225_fecRa_S5,feces,RNA,4/13/18,Rousettus madagascariensis,MIZ171,"Maromizaha, Madagascar",NA,,m,A,N,N,65,69.7,N
RR034B_226_fecRa,RR034B_226_fecRa_S9,feces,RNA,4/13/18,Rousettus madagascariensis,MIZ172,"Maromizaha, Madagascar",NA,,m,A,N,N,60,67.3,N
RR034B_227_fecRa,RR034B_227_fecRa_S107,feces,RNA,4/13/18,Rousettus madagascariensis,MIZ173,"Maromizaha, Madagascar",NA,,f,NL,N,N,60,70.1,N
RR034B_228_fecRa,RR034B_228_fecRa_S11,feces,RNA,4/13/18,Rousettus madagascariensis,MIZ174,"Maromizaha, Madagascar",NA,,m,A,N,N,75,73.5,Y
RR034B_229_fecRa,RR034B_229_fecRa_S13,feces,RNA,4/13/18,Rousettus madagascariensis,MIZ175,"Maromizaha, Madagascar",NA,,f,NL,N,N,60,76.1,N
RR034B_230_fecRa,RR034B_230_fecRa_S29,feces,RNA,4/13/18,Rousettus madagascariensis,MIZ176,"Maromizaha, Madagascar",NA,,m,J,Y,N,35,61.1,N
RR034B_231_fecRa,RR034B_231_fecRa_S31,feces,RNA,4/13/18,Rousettus madagascariensis,MIZ177,"Maromizaha, Madagascar",NA,,f,NL,N,N,55,74.2,N
RR034B_232_fecRa,RR034B_232_fecRa_S33,feces,RNA,4/14/18,Rousettus madagascariensis,MIZ178,"Maromizaha, Madagascar",NA,,m,A,N,N,65,71.8,Y
RR034B_233_fecRa,RR034B_233_fecRa_S35,feces,RNA,4/14/18,Rousettus madagascariensis,MIZ179,"Maromizaha, Madagascar",NA,,m,A,N,N,75,74.3,N
RR034B_234_fecRa,RR034B_234_fecRa_S37,feces,RNA,4/14/18,Rousettus madagascariensis,MIZ180,"Maromizaha, Madagascar",NA,,m,A,N,N,80,73.5,N
RR034B_235_fecRa,RR034B_235_fecRa_S39,feces,RNA,4/14/18,Rousettus madagascariensis,MIZ181,"Maromizaha, Madagascar",NA,,m,A,N,N,60,67.6,N
RR034B_235_fecRb,RR034B_235_fecRb_S65,feces,RNA,4/14/18,Rousettus madagascariensis,MIZ181,"Maromizaha, Madagascar",NA,,m,A,N,N,60,67.6,N
RR034B_236_fecRa,RR034B_236_fecRa_S41,feces,RNA,4/14/18,Rousettus madagascariensis,MIZ183,"Maromizaha, Madagascar",NA,,m,A,N,N,60,74,N
RR034B_237_fecRa,RR034B_237_fecRa_S57,feces,RNA,4/14/18,Rousettus madagascariensis,MIZ184,"Maromizaha, Madagascar",NA,,f,NL,N,N,55,72.5,N
RR034B_238_fecRa,RR034B_238_fecRa_S59,feces,RNA,4/14/18,Rousettus madagascariensis,MIZ185,"Maromizaha, Madagascar",NA,,m,A,N,N,65,72.1,N
RR034B_239_fecRa,RR034B_239_fecRa_S61,feces,RNA,4/14/18,Rousettus madagascariensis,MIZ186,"Maromizaha, Madagascar",NA,,m,A,N,N,55,73.8,N
RR034B_239_fecRa,RR034B_239_fecRa_S61,feces,RNA,4/14/18,Rousettus madagascariensis,MIZ186,"Maromizaha, Madagascar",NA,,m,A,N,N,55,73.8,Y
RR034B_239_fecRb,RR034B_239_fecRb_S63,feces,RNA,4/14/18,Rousettus madagascariensis,MIZ186,"Maromizaha, Madagascar",NA,,m,A,N,N,55,73.8,N
RR034B_242_fecRa,RR034B_242_fecRa_S67,feces,RNA,7/29/18,Rousettus madagascariensis,MIZ188,"Maromizaha, Madagascar",N,,m,A,N,N,55,69.7,Y
RR034B_243_fecRa,RR034B_243_fecRa_S69,feces,RNA,7/29/18,Rousettus madagascariensis,MIZ189,"Maromizaha, Madagascar",N,,f,NL,N,N,60,74.6,N
RR034B_244_fecRa,RR034B_244_fecRa_S85,feces,RNA,7/29/18,Rousettus madagascariensis,MIZ190,"Maromizaha, Madagascar",N,,m,A,N,N,60,71.4,Y
RR034B_246_fecRa,RR034B_246_fecRa_S89,feces,RNA,7/29/18,Rousettus madagascariensis,MIZ192,"Maromizaha, Madagascar",N,,f,NL,N,N,50,69.2,N
RR034B_247_fecRa,RR034B_247_fecRa_S91,feces,RNA,7/29/18,Rousettus madagascariensis,MIZ193,"Maromizaha, Madagascar",N,,f,J,Y,N,35,63,N
RR034B_248_fecRa,RR034B_248_fecRa_S93,feces,RNA,7/29/18,Rousettus madagascariensis,MIZ194,"Maromizaha, Madagascar",N,,f,NL,N,N,45,68,N
RR034B_249_fecRa,RR034B_249_fecRa_S95,feces,RNA,7/29/18,Rousettus madagascariensis,MIZ195,"Maromizaha, Madagascar",N,,f,NL,N,N,55,71.8,N
RR034B_250_fecRa,RR034B_250_fecRa_S97,feces,RNA,7/29/18,Rousettus madagascariensis,MIZ196,"Maromizaha, Madagascar",N,,m,A,N,N,50,66.1,Y
RR034B_2500_fecRa,RR034B_2500_fecRa_S8,feces,RNA,7/29/18,Rousettus madagascariensis,MIZ196,"Maromizaha, Madagascar",N,,m,A,N,N,50,66.1,N
RR034B_251_fecRa,RR034B_251_fecRa_S113,feces,RNA,7/29/18,Rousettus madagascariensis,MIZ197,"Maromizaha, Madagascar",N,,f,NL,N,N,50,69.1,N
RR034B_252_fecRa,RR034B_252_fecRa_S115,feces,RNA,7/29/18,Rousettus madagascariensis,MIZ198,"Maromizaha, Madagascar",N,,m,A,N,N,60,69.1,N
RR034B_253_fecRa,RR034B_253_fecRa_S117,feces,RNA,7/29/18,Rousettus madagascariensis,MIZ199,"Maromizaha, Madagascar",N,,f,NL,N,N,50,67.1,N
RR034B_254_fecRa,RR034B_254_fecRa_S119,feces,RNA,7/29/18,Rousettus madagascariensis,MIZ200,"Maromizaha, Madagascar",N,,m,A,N,N,60,70.4,N
RR034B_255_fecRa,RR034B_255_fecRa_S121,feces,RNA,7/29/18,Rousettus madagascariensis,MIZ201,"Maromizaha, Madagascar",N,,f,NL,N,N,45,63.1,N
RR034B_256_fecRa,RR034B_256_fecRa_S123,feces,RNA,7/29/18,Rousettus madagascariensis,MIZ202,"Maromizaha, Madagascar",N,,f,NL,N,N,55,73.3,Y
RR034B_257_fecRa,RR034B_257_fecRa_S125,feces,RNA,7/29/18,Rousettus madagascariensis,MIZ203,"Maromizaha, Madagascar",N,,f,NL,N,N,40,67,N
RR034B_258_fecRa,RR034B_258_fecRa_S141,feces,RNA,7/29/18,Rousettus madagascariensis,MIZ204,"Maromizaha, Madagascar",N,,m,A,N,N,60,69.8,N
RR034B_259_fecRa,RR034B_259_fecRa_S143,feces,RNA,7/29/18,Rousettus madagascariensis,MIZ205,"Maromizaha, Madagascar",N,,m,A,N,N,60,72.6,N
RR034B_260_fecRa,RR034B_260_fecRa_S145,feces,RNA,7/29/18,Rousettus madagascariensis,MIZ206,"Maromizaha, Madagascar",N,,m,A,N,N,50,73.3,Y
RR034B_261_fecRa,RR034B_261_fecRa_S147,feces,RNA,7/29/18,Rousettus madagascariensis,MIZ207,"Maromizaha, Madagascar",N,,f,NL,N,N,40,68.2,N
RR034B_262_fecRa,RR034B_262_fecRa_S149,feces,RNA,7/29/18,Rousettus madagascariensis,MIZ208,"Maromizaha, Madagascar",N,,m,A,N,N,45,72.9,Y
RR034B_263_fecRa,RR034B_263_fecRa_S151,feces,RNA,7/29/18,Rousettus madagascariensis,MIZ209,"Maromizaha, Madagascar",N,,m,A,N,N,40,71.3,N
RR034B_264_fecRa,RR034B_264_fecRa_S153,feces,RNA,7/29/18,Rousettus madagascariensis,MIZ210,"Maromizaha, Madagascar",N,,m,A,N,N,65,73.2,N
RR034B_265_fecRa,RR034B_265_fecRa_S169,feces,RNA,7/29/18,Rousettus madagascariensis,MIZ211,"Maromizaha, Madagascar",N,,m,A,N,N,60,69,N
RR034B_266_fecRa,RR034B_266_fecRa_S171,feces,RNA,7/29/18,Rousettus madagascariensis,MIZ212,"Maromizaha, Madagascar",N,,f,NL,N,N,50,69.3,N
RR034B_267_fecRa,RR034B_267_fecRa_S173,feces,RNA,7/29/18,Rousettus madagascariensis,MIZ213,"Maromizaha, Madagascar",N,,m,A,N,N,80,72,N
RR034B_268_fecRa,RR034B_268_fecRa_S175,feces,RNA,9/11/18,Rousettus madagascariensis,MIZ214,"Maromizaha, Madagascar",N,,m,A,N,N,65,70.4,N
RR034B_269_fecRa,RR034B_269_fecRa_S177,feces,RNA,9/11/18,Rousettus madagascariensis,MIZ215,"Maromizaha, Madagascar",N,,m,A,N,N,75,71.3,N
RR034B_270_fecRa,RR034B_270_fecRa_S179,feces,RNA,9/11/18,Rousettus madagascariensis,MIZ218,"Maromizaha, Madagascar",N,,m,A,N,N,75,70.3,N
RR034B_271_fecRa,RR034B_271_fecRa_S181,feces,RNA,9/11/18,Rousettus madagascariensis,MIZ219,"Maromizaha, Madagascar",N,,m,A,N,N,70,73.5,N
RR034B_272_fecRa,RR034B_272_fecRa_S197,feces,RNA,9/11/18,Rousettus madagascariensis,MIZ220,"Maromizaha, Madagascar",N,,m,A,N,N,70,73.8,N
RR034B_273_fecRa,RR034B_273_fecRa_S199,feces,RNA,9/11/18,Rousettus madagascariensis,MIZ221,"Maromizaha, Madagascar",N,,m,A,N,N,70,72.3,N
RR034B_274_fecRa,RR034B_274_fecRa_S1,feces,RNA,9/11/18,Rousettus madagascariensis,MIZ222,"Maromizaha, Madagascar",N,,f,NL,N,N,60,70.9,N
RR034B_275_fecRa,RR034B_275_fecRa_S3,feces,RNA,9/11/18,Rousettus madagascariensis,MIZ223,"Maromizaha, Madagascar",N,,f,NL,N,N,60,66.3,N
RR034B_276_fecRa,RR034B_276_fecRa_S5,feces,RNA,9/11/18,Rousettus madagascariensis,MIZ226,"Maromizaha, Madagascar",N,,m,A,N,N,70,74,N
RR034B_277_fecRa,RR034B_277_fecRa_S7,feces,RNA,9/11/18,Rousettus madagascariensis,MIZ227,"Maromizaha, Madagascar",N,,f,P,N,N,55,67.4,N
RR034B_278_fecRa,RR034B_278_fecRa_S9,feces,RNA,9/11/18,Rousettus madagascariensis,MIZ228,"Maromizaha, Madagascar",N,,f,P,N,N,65,68.5,N
RR034B_279_fecRa,RR034B_279_fecRa_S25,feces,RNA,9/11/18,Rousettus madagascariensis,MIZ229,"Maromizaha, Madagascar",N,,f,NL,N,N,45,69.1,N
RR034B_280_fecRa,RR034B_280_fecRa_S27,feces,RNA,9/11/18,Rousettus madagascariensis,MIZ230,"Maromizaha, Madagascar",N,,m,A,N,N,65,72.3,N
RR034B_281_fecRa,RR034B_281_fecRa_S29,feces,RNA,9/11/18,Rousettus madagascariensis,MIZ231,"Maromizaha, Madagascar",N,,f,J,Y,N,40,65.7,N
RR034B_282_fecRa,RR034B_282_fecRa_S31,feces,RNA,9/11/18,Rousettus madagascariensis,MIZ232,"Maromizaha, Madagascar",N,,f,J,Y,N,30,63.8,N
RR034B_283_fecRa,RR034B_283_fecRa_S33,feces,RNA,9/11/18,Rousettus madagascariensis,MIZ233,"Maromizaha, Madagascar",N,,m,J,Y,N,55,69.8,N
RR034B_284_fecRa,RR034B_284_fecRa_S35,feces,RNA,9/11/18,Rousettus madagascariensis,MIZ234,"Maromizaha, Madagascar",N,,f,J,Y,N,50,66.6,N
RR034B_285_fecRa,RR034B_285_fecRa_S37,feces,RNA,9/11/18,Rousettus madagascariensis,MIZ235,"Maromizaha, Madagascar",N,,m,A,N,N,65,72.9,N
RR034B_286_fecRa,RR034B_286_fecRa_S53,feces,RNA,9/11/18,Rousettus madagascariensis,MIZ238,"Maromizaha, Madagascar",N,,f,NL,N,N,45,73.2,N
RR034B_287_fecRa,RR034B_287_fecRa_S55,feces,RNA,9/11/18,Rousettus madagascariensis,MIZ239,"Maromizaha, Madagascar",N,,m,A,N,N,60,76.8,N
RR034B_288_fecRa,RR034B_288_fecRa_S59,feces,RNA,9/11/18,Rousettus madagascariensis,MIZ240,"Maromizaha, Madagascar",N,,m,A,N,N,50,73.9,Y
RR034B_289_fecRa,RR034B_289_fecRa_S61,feces,RNA,9/12/18,Rousettus madagascariensis,MIZ242,"Maromizaha, Madagascar",N,,m,A,N,N,60,68.8,N
RR034B_290_fecRa,RR034B_290_fecRa_S63,feces,RNA,9/12/18,Rousettus madagascariensis,MIZ243,"Maromizaha, Madagascar",N,,m,J,Y,N,35,60.7,N
RR034B_291_fecRa,RR034B_291_fecRa_S65,feces,RNA,12/13/18,Pteropus rufus,MLB001,"Mahialambo, Madagascar",N,,f,L,N,Y,660,175,N
RR034B_292_fecRa,RR034B_292_fecRa_S81,feces,RNA,12/13/18,Pteropus rufus,MLB002,"Mahialambo, Madagascar",N,,m,J,Y,Y,120,89.62,N
RR034B_293_fecRa,RR034B_293_fecRa_S83,feces,RNA,12/14/18,Pteropus rufus,MLB003,"Mahialambo, Madagascar",N,,m,J,Y,N,190,119.32,N
RR034B_294_fecRa,RR034B_294_fecRa_S85,feces,RNA,12/16/18,Pteropus rufus,MLB004,"Mahialambo, Madagascar",N,,f,NL,Y - last year,N,480,151.32,N
RR034B_295_fecRa,RR034B_295_fecRa_S87,feces,RNA,12/17/18,Pteropus rufus,MLB005,"Mahialambo, Madagascar",N,,m,A,N,N,740,170,N
RR034B_296_fecRa,RR034B_296_fecRa_S91,feces,RNA,12/18/18,Pteropus rufus,MLB006,"Mahialambo, Madagascar",N,,f,L,N,Y,500,160,N
RR034B_297_fecRa,RR034B_297_fecRa_S93,feces,RNA,12/18/18,Pteropus rufus,MLB007,"Mahialambo, Madagascar",N,,f,J,Y,Y,180,122.75,N